"Reference","Value","Footprint","Qty","DNP","MANUFACTURER"
"SW2","SW_Nidec_CAS-120A1","Button_Switch_SMD:SW_DPDT_CK_JS202011JCQN","1","","CKN10723CT-ND"
"C1","2.2uF","Capacitor_SMD:C_0805_2012Metric","1",""," 581-KAF21KR71E225KU "
"C2,C12","1uF","Capacitor_SMD:C_0805_2012Metric","2",""," 581-KAF21KR71E105KU "
"C3,C4,C5,C11,C14","0.1uF","Capacitor_SMD:C_0805_2012Metric","5",""," 581-KAM21KR72A104KU "
"C13","22uF","Capacitor_SMD:C_0805_2012Metric","1",""," 581-KAF21KR72A104KL "
"J2,J7,J8,J9,J10","Conn_01x02_Pin","Connector_PinHeader_2.54mm:PinHeader_1x02_P2.54mm_Horizontal","5","","-"
"SW3,SW4","~","customFootprints:rockerSwitch-434133025816","2","","434133025816 "
"D1,D3","D","Diode_SMD:D_SOD-123F","2","","RB168MM-30TR"
"MCU1","ESP32-S3-MINI-1-N8","esp32s3mini:XCVR_ESP32-S3-MINI-1-N8","1",""," ESP32-S3-MINI-1-N8 "
"D2","LED","LED_SMD:LED_0603_1608Metric","1","","CSL1101WBCW1 "
"Accelerometer1","LSM6DSOXTR","LSM6DSOXTR:PQFN50P250X300X86-14N","1",""," 511-LSM6DSOXTR "
"H1,H2,H3,H4","MountingHole","MountingHole:MountingHole_3.2mm_M3_DIN965","4","","-"
"Q1","PMOS","Package_SO:PowerPAK_SO-8_Single","1","","SI7617DN-T1-GE3CT-ND"
"R6","500k","Resistor_SMD:R_0402_1005Metric","1","","ERJ-2RKF4993X"
"R1,R2","5.1k","Resistor_SMD:R_0805_2012Metric","2","","ERA-2AED512X"
"R3","1k","Resistor_SMD:R_0805_2012Metric","1",""," 652-CRT0805AFY-1001E "
"R4,R5,R12,R13","10k","Resistor_SMD:R_0805_2012Metric","4",""," 667-ERA-6APB103V "
"R10","570k","Resistor_SMD:R_0805_2012Metric","1",""," 652-CR0805FX-5763ELF "
"R11","437k","Resistor_SMD:R_0805_2012Metric","1",""," 71-RCS0805470KJNEA "
"R16","510","Resistor_SMD:R_0805_2012Metric","1","","UP6F5110V"
"LDO1","TLV76601QWDRBRQ1","TLV76601:DRB0008J-IPC_A","1","","TLV76633QWDRBRQ1"
"J11","USB4105-GF-A","USB4105-GF-A-Footprint:GCT_USB4105-GF-A","1","","USB4105-GF-A"
"J1,J4,J5,J6","XT30PW-F","XT30PW-F:AMASS_XT30PW-F","4","","Amass"
"J3","XT30PW-M","XT30PW-M:AMASS_XT30PW-M","1","","Amass"
